<?xml version="1.0" encoding="UTF-8"?>
<metadata xml:lang="cs"><Esri><CreaDate>20140311</CreaDate><CreaTime>13334100</CreaTime><ArcGISFormat>1.0</ArcGISFormat><SyncOnce>FALSE</SyncOnce><DataProperties><lineage><Process ToolSource="c:\program files (x86)\arcgis\desktop10.0\ArcToolbox\Toolboxes\3D Analyst Tools.tbx\ASCII3DToFeatureClass" Date="20130808" Time="105042">ASCII3DToFeatureClass D:\_PRACOVNI\_PROJEKTY\HT_posudek_Noviny_pR\Podklady\DMR_5G\MIMO40_5g.xyz;D:\_PRACOVNI\_PROJEKTY\HT_posudek_Noviny_pR\Podklady\DMR_5G\NBOR49_5g.xyz XYZ D:\_PRACOVNI\_PROJEKTY\HT_posudek_Noviny_pR\GIS\SHP\DMR_5G_body3D.shp POINT # # # # DECIMAL_POINT</Process><Process ToolSource="c:\program files (x86)\arcgis\desktop10.0\ArcToolbox\Toolboxes\Analysis Tools.tbx\Clip" Date="20130808" Time="115536">Clip D:\_PRACOVNI\_PROJEKTY\HT_posudek_Noviny_pR\GIS\SHP\DMR_5G_body3D.shp D:\_PRACOVNI\_PROJEKTY\HT_posudek_Noviny_pR\GIS\SHP\rozsah_DMT.shp D:\_PRACOVNI\_PROJEKTY\HT_posudek_Noviny_pR\GIS\SHP\DMR_5G_body3D_Clip.shp #</Process><Process ToolSource="C:\Program Files (x86)\ArcGIS\Desktop10.0\ArcToolbox\Toolboxes\Analysis Tools.tbx\Clip" Date="20140327" Time="094413">Clip DMR_5G_body3D_Clip oblast C:\Users\uzivatel\Documents\_PRACOVNI\_PROJEKTY\TACR_VUMOP_DMR\SW\PYTHON\CroSurveyPreProcessing\GIS\SHP\DMR_5G_koryto.shp #</Process></lineage><itemProps><itemName Sync="TRUE">DMR_5G_koryto</itemName><imsContentType Sync="TRUE">002</imsContentType><itemSize Sync="TRUE">0.000</itemSize><itemLocation><linkage Sync="TRUE">file://\\UZIVATEL-HP\C$\Users\uzivatel\Documents\_PRACOVNI\_PROJEKTY\TACR_VUMOP_DMR\SW\PYTHON\CroSurveyPreProcessing\GIS\SHP\DMR_5G_koryto.shp</linkage><protocol Sync="TRUE">Local Area Network</protocol></itemLocation></itemProps><copyHistory><copy source="C:\Users\uzivatel\Documents\_PRACOVNI\_PROJEKTY\__ARCHIV\HT_posudek_Noviny_pR\GIS\SHP\DMR_5G_body3D_Clip" dest="\\UZIVATEL-HP\C$\Users\uzivatel\Documents\_PRACOVNI\_PROJEKTY\TACR_VUMOP_DMR\SW\PYTHON\GIS\SHP\DMR_5G_body3D_Clip" date="20140311" time="13334100"></copy></copyHistory></DataProperties><SyncDate>20140327</SyncDate><SyncTime>09440800</SyncTime><ModDate>20140327</ModDate><ModTime>09440800</ModTime></Esri><dataIdInfo><envirDesc Sync="TRUE">Microsoft Windows Server 2008 R2 Version 6.1 (Build 7601) Service Pack 1; ESRI ArcGIS 10.0.0.2414</envirDesc><dataLang><languageCode value="ces" Sync="TRUE" country="CZE"></languageCode><countryCode value="CZE" Sync="TRUE"></countryCode></dataLang><idCitation><resTitle Sync="TRUE">DMR_5G_koryto</resTitle><presForm><PresFormCd value="005" Sync="TRUE"></PresFormCd></presForm></idCitation><spatRpType><SpatRepTypCd value="001" Sync="TRUE"></SpatRepTypCd></spatRpType><descKeys><thesaName uuidref="723f6998-058e-11dc-8314-0800200c9a66"></thesaName><keyword Sync="TRUE">002</keyword></descKeys></dataIdInfo><mdLang><languageCode value="ces" Sync="TRUE"></languageCode><countryCode value="CZE" Sync="TRUE"></countryCode></mdLang><mdChar><CharSetCd value="004" Sync="TRUE"></CharSetCd></mdChar><distInfo><distFormat><formatName Sync="TRUE">Shapefile</formatName></distFormat><distTranOps><transSize Sync="TRUE">0.000</transSize></distTranOps></distInfo><mdHrLv><ScopeCd value="005" Sync="TRUE"></ScopeCd></mdHrLv><mdHrLvName Sync="TRUE">dataset</mdHrLvName><spatRepInfo><VectSpatRep><geometObjs Name="DMR_5G_body3D_Clip"><geoObjTyp><GeoObjTypCd value="004" Sync="TRUE"></GeoObjTypCd><geoObjCnt Sync="TRUE">0</geoObjCnt></geoObjTyp><geoObjCnt Sync="TRUE">0</geoObjCnt></geometObjs><topLvl><TopoLevCd value="001" Sync="TRUE"></TopoLevCd></topLvl></VectSpatRep></spatRepInfo><spdoinfo><ptvctinf><esriterm Name="DMR_5G_koryto"><efeatyp Sync="TRUE">Simple</efeatyp><efeageom Sync="TRUE">1</efeageom><esritopo Sync="TRUE">FALSE</esritopo><efeacnt Sync="TRUE">0</efeacnt><spindex Sync="TRUE">FALSE</spindex><linrefer Sync="TRUE">TRUE</linrefer></esriterm></ptvctinf></spdoinfo><eainfo><detailed Name="DMR_5G_koryto"><enttyp><enttypl Sync="TRUE">DMR_5G_koryto</enttypl><enttypt Sync="TRUE">Feature Class</enttypt><enttypc Sync="TRUE">0</enttypc></enttyp><attr><attrlabl Sync="TRUE">FID</attrlabl><attalias Sync="TRUE">FID</attalias><attrtype Sync="TRUE">OID</attrtype><attwidth Sync="TRUE">4</attwidth><atprecis Sync="TRUE">0</atprecis><attscale Sync="TRUE">0</attscale><attrdef Sync="TRUE">Internal feature number.</attrdef><attrdefs Sync="TRUE">ESRI</attrdefs><attrdomv><udom Sync="TRUE">Sequential unique whole numbers that are automatically generated.</udom></attrdomv></attr><attr><attrlabl Sync="TRUE">Shape</attrlabl><attalias Sync="TRUE">Shape</attalias><attrtype Sync="TRUE">Geometry</attrtype><attwidth Sync="TRUE">0</attwidth><atprecis Sync="TRUE">0</atprecis><attscale Sync="TRUE">0</attscale><attrdef Sync="TRUE">Feature geometry.</attrdef><attrdefs Sync="TRUE">ESRI</attrdefs><attrdomv><udom Sync="TRUE">Coordinates defining the features.</udom></attrdomv></attr><attr><attrlabl Sync="TRUE">Id</attrlabl><attalias Sync="TRUE">Id</attalias><attrtype Sync="TRUE">Integer</attrtype><attwidth Sync="TRUE">6</attwidth><atprecis Sync="TRUE">6</atprecis><attscale Sync="TRUE">0</attscale></attr></detailed></eainfo><mdDateSt Sync="TRUE">20140327</mdDateSt></metadata>
